Individual Test Solutions,Remote Testing,Adaptive/IRT,Test Type,Description,Job Level,Language,Assessment Length
[Adobe Experience Manager (New)](https://www.shl.com/solutions/products/product-catalog/view/adobe-experience-manager-new/),Yes,No,K,"Multi-choice test that measures the knowledge of AEM components, templates, workflows, AEM collections, OSGi services and troubleshooting of AEM projects.","Mid-Professional, Professional Individual Contributor",English (USA),17 minutes
[Adobe Photoshop CC](https://www.shl.com/solutions/products/product-catalog/view/adobe-photoshop-cc/),Yes,Yes,K,"The Adobe Photoshop CC test measures knowledge of Adobe Photoshop CC. Designed for experienced users, this test covers the following topics: 3D, Color, File Management, Interface, Layers, Painting and Drawing, Retouch and Enhancements, Selection, Text, and Web.","Mid-Professional, Professional Individual Contributor",English (USA),20 minutes
[Aeronautical Engineering (New)](https://www.shl.com/solutions/products/product-catalog/view/aeronautical-engineering-new/),Yes,No,K,"Multi-choice test that measures the knowledge of flight mechanics, space dynamics, aerodynamics, structures and propulsion.","Graduate, Mid-Professional, Professional Individual Contributor",English (USA),10 minutes
[Aerospace Engineering (New)](https://www.shl.com/solutions/products/product-catalog/view/aerospace-engineering-new/),Yes,No,K,"Multi-choice test that measures the conceptual knowledge of aerodynamics, aircraft systems and instrumentation, flight dynamics, space dynamics and avionics.","Graduate, Mid-Professional, Professional Individual Contributor",English (USA),10 minutes
[Agile Software Development](https://www.shl.com/solutions/products/product-catalog/view/agile-software-development/),Yes,No,K,"Multi-choice test that measures the knowledge of agile methodology, scrum, feature driven software development, incremental and iterative development and processes involved in agile software development.",Graduate,English (USA),7 minutes
[Agile Testing (New)](https://www.shl.com/solutions/products/product-catalog/view/agile-testing-new/),Yes,No,K,"Multi-choice test that measures the knowledge of tools, techniques and processes involved in the Agile testing methodology.","Mid-Professional, Professional Individual Contributor",English (USA),13 minutes
[AI Skills](https://www.shl.com/solutions/products/product-catalog/view/ai-skills/),Yes,No,P,The AI Skills assessment measures the skills that help candidates successfully leverage AI in their work.,General Population,English (USA),16 minutes
[Amazon Web Services (AWS) Development (New)](https://www.shl.com/solutions/products/product-catalog/view/amazon-web-services-aws-development-new/),Yes,No,K,"Multi-choice test that measures the knowledge of AWS delivery process, monitoring, metrics, logging, security, validation and scalability.","Mid-Professional, Professional Individual Contributor",English (USA),6 minutes
[Android Development (New)](https://www.shl.com/solutions/products/product-catalog/view/android-development-new/),Yes,No,K,"Multi-choice test that measures the knowledge of UI components for an Android device, services and alerts, animation and media apps, application components, security and testing.","Mid-Professional, Professional Individual Contributor",English (USA),7 minutes
[Angular 6 (New)](https://www.shl.com/solutions/products/product-catalog/view/angular-6-new/),Yes,No,K,"Multi-choice test that measures the knowledge of the basic components and modules of Angular 6 and concepts like data binding, dependency injection, CRUD with HTTP, typescript, routing and navigation.","Mid-Professional, Professional Individual Contributor",English (USA),11 minutes
[AngularJS (New)](https://www.shl.com/solutions/products/product-catalog/view/angularjs-new/),Yes,No,K,"Multi-choice test that measures the knowledge of AngularJS architecture, forms, directives, filters, controllers, routing and testing.","Mid-Professional, Professional Individual Contributor",English (USA),9 minutes
[Apache Hadoop (New)](https://www.shl.com/solutions/products/product-catalog/view/apache-hadoop-new/),Yes,No,K,Not found,Not found,Not found,Not found
[Apache Hadoop Extensions (New)](https://www.shl.com/solutions/products/product-catalog/view/apache-hadoop-extensions-new/),Yes,No,K,"Multi-choice test that measures the conceptual knowledge of Pig, Hive and HBase.","Mid-Professional, Professional Individual Contributor",English (USA),9 minutes
[Apache HBase (New)](https://www.shl.com/solutions/products/product-catalog/view/apache-hbase-new/),Yes,No,K,"Multi-choice test that measures the knowledge of HBase concepts such as CAP theorem, ACID properties, HBase client API, MapReduce integration, configuration and administration.","Mid-Professional, Professional Individual Contributor",English (USA),5 minutes
[Apache Hive (New)](https://www.shl.com/solutions/products/product-catalog/view/apache-hive-new/),Yes,No,K,"Multi-choice test that measures the knowledge of Hive architecture, datatypes, built-in functions, configurations, partitioning, bucketing and commands of Hive query language.","Mid-Professional, Professional Individual Contributor",English (USA),5 minutes
[Apache Kafka (New)](https://www.shl.com/solutions/products/product-catalog/view/apache-kafka-new/),Yes,No,K,"Multi-choice test that measures the knowledge of Apache Kafka architecture, components, clusters, performance tuning and advanced operations.","Mid-Professional, Professional Individual Contributor",English (USA),6 minutes
[Apache Pig (New)](https://www.shl.com/solutions/products/product-catalog/view/apache-pig-new/),Yes,No,K,"Multi-choice test that measures the knowledge of Pig architecture, built-in operators, built-in functions and commands in PigLatin.","Mid-Professional, Professional Individual Contributor",English (USA),6 minutes
[Apache Spark (New)](https://www.shl.com/solutions/products/product-catalog/view/apache-spark-new/),Yes,No,K,"Multi-choice test that measures the knowledge of Apache Spark principles, RDD operations - actions and transformations, lineage graphs and lazy evaluation.","Mid-Professional, Professional Individual Contributor",English (USA),8 minutes
[ASP .NET with C# (New)](https://www.shl.com/solutions/products/product-catalog/view/asp-net-with-c-new/),Yes,No,K,Not found,Not found,Not found,Not found
[ASP.NET 4.5](https://www.shl.com/solutions/products/product-catalog/view/asp-net-4-5/),Yes,Yes,K,"The ASP.NET 4.5 test measures knowledge of programming in the ASP.NET environment. Designed for experienced developers, but an average performer in this role should pass this test. This test includes the following topics: .NET Framework, Client-Side Programming, Data Access, Enhanced Runtime Features, Portals, Services and Mobile, Security, Troubleshooting and Optimization, Web Applications, and Web Forms.","Mid-Professional, Professional Individual Contributor",English (USA),30 minutes
[Assessment and Development Center Exercises](https://www.shl.com/solutions/products/product-catalog/view/assessment-and-development-center-exercises/),Yes,No,E,"SHL offers a comprehensive range of Assessment and Development Centre exercise in digital format, for remote assessment through our Virtual Assessment and Development Centre platform.We offer a wide range of exercise types including group exercise, role plays, analysis presentations and written exercises.Exercises are available across a wide range of job levels and industry contexts.Contact SHL to find out more.","Director, Entry-Level, Executive, Front Line Manager, General Population, Graduate, Manager, Mid-Professional, Professional Individual Contributor, Supervisor","English International, English (USA)",Not found
[Automata - Fix (New)](https://www.shl.com/solutions/products/product-catalog/view/automata-fix-new/),Yes,No,S,"A simulated compiler integrated test to measure debugging skills in C, C++ and Java. The test checks the ability to fix logical or syntactical errors and to reuse an existing code.Your use of this assessment product may be subject to New York City Law 144 (Regulation of the Use of Automated Employment Decision Tools) (dated July 5, 2023). Compliance with Law 144 is your responsibility.
Read more on https://www.shl.com/legal/shl-us-regulatory-compliance/",Mid-Professional,English (USA),20 minutes
[Automata - SQL (New)](https://www.shl.com/solutions/products/product-catalog/view/automata-sql-new/),Yes,No,S,"A simulated query writing test that measures the ability to write SQL queries to perform DDL, DML and DCL tasks.","Mid-Professional, Professional Individual Contributor",English (USA),30 minutes
[Automata (New)](https://www.shl.com/solutions/products/product-catalog/view/automata-new/),Yes,No,S,"An AI-powered coding simulation assessment that evaluates candidate’s programming ability. Offers a familiar IDE environment available in over 40 different programming languages and tests candidates using real-world coding problems.Your use of this assessment product may be subject to New York City Law 144 (Regulation of the Use of Automated Employment Decision Tools) (dated July 5, 2023). Compliance with Law 144 is your responsibility.
Read more on https://www.shl.com/legal/shl-us-regulatory-compliance/","Mid-Professional, Professional Individual Contributor",English (USA),45 minutes
[Automata Data Science (New)](https://www.shl.com/solutions/products/product-catalog/view/automata-data-science-new/),Yes,No,S,A simulated test that measures the ability to analyze and modify data using machine learning algorithms to obtain desirable results.,"Mid-Professional, Professional Individual Contributor",English (USA),60 minutes
[Automata Data Science Pro (New)](https://www.shl.com/solutions/products/product-catalog/view/automata-data-science-pro-new/),Yes,No,S,A simulated test that measures the ability to analyze and modify data using machine learning algorithms to obtain desirable results.,"Professional Individual Contributor, Mid-Professional",English (USA),60 minutes
[Automata Front End](https://www.shl.com/solutions/products/product-catalog/view/automata-front-end/),Yes,No,S,"Simulation based test that measures the front-end development capabilities using HTML, CSS, and
JavaScript. The candidate is provided with 3 different sections to code in HTML, CSS and JavaScript respectively and a separate output section to view the output. This simulation is then manually scored.","Entry-Level, Graduate, Mid-Professional, Professional Individual Contributor, Manager",English (USA),30 minutes
[Automata Pro (New)](https://www.shl.com/solutions/products/product-catalog/view/automata-pro-new/),Yes,No,S,"An AI-powered coding simulation assessment that evaluates candidate’s programming ability. Offers a familiar IDE environment available in over 40 different programming languages and tests candidates using real-world coding problems.Your use of this assessment product may be subject to New York City Law 144 (Regulation of the Use of Automated Employment Decision Tools) (dated July 5, 2023). Compliance with Law 144 is your responsibility.
Read more on https://www.shl.com/legal/shl-us-regulatory-compliance/","Mid-Professional, Professional Individual Contributor",English (USA),60 minutes
[Automata Selenium](https://www.shl.com/solutions/products/product-catalog/view/automata-selenium/),Yes,No,S,A coding simulation assessment that evaluates the ability to conduct tasks related to automation testing using Selenium scripts.,"Entry-Level, Graduate, Manager, Mid-Professional, Professional Individual Contributor",English (USA),60 minutes
[Automation Anywhere RPA Development (New)](https://www.shl.com/solutions/products/product-catalog/view/automation-anywhere-rpa-development-new/),Yes,No,K,"Multi-choice test that measures the knowledge of Automation Anywhere dash board and task editor, control room, key commands, bots and Automation Anywhere client.","Mid-Professional, Professional Individual Contributor",English (USA),8 minutes
[Automotive Engineering (New)](https://www.shl.com/solutions/products/product-catalog/view/automotive-engineering-new/),Yes,No,K,"Multi-choice test that measures the knowledge of auto engine classification, engine fuel system, auto-vehicle technology, maintenance, inspection and troubleshooting.","Graduate, Mid-Professional, Professional Individual Contributor",English (USA),13 minutes
[Basic Biology (New)](https://www.shl.com/solutions/products/product-catalog/view/basic-biology-new/),Yes,No,K,Multi choice test that measures the candidate's basic understanding of Biology.,"Professional Individual Contributor, Graduate, Mid-Professional",English (USA),6 minutes
[Basic Computer Literacy (Windows 10) (New)](https://www.shl.com/solutions/products/product-catalog/view/basic-computer-literacy-windows-10-new/),Yes,No,S K,"The Basic Computer Literacy (Windows 10) simulation measures knowledge of general computer terminology, processes, and applications and the ability to perform certain operations in a simulated environment resembling the actual application. This simulation consists of both multiple choice and simulation-based questions, and includes the following topics: Application Software, Computer Terms, Internet and Email, Managing Files, Operating System, and Parts of the Computer.",Entry-Level,English (USA),30 minutes
[Basic Statistics (New)](https://www.shl.com/solutions/products/product-catalog/view/basic-statistics-new/),Yes,No,K,"Multi-choice test that measures the knowledge of statistical methods, exploratory analysis, basics of probability, standard distributions and statistical testing.","Graduate, Mid-Professional, Professional Individual Contributor",English (USA),10 minutes
[Biochemistry (New)](https://www.shl.com/solutions/products/product-catalog/view/biochemistry-new/),Yes,No,K,"Multi-choice test that measures the knowledge of various bio-molecules like amino acids, proteins, enzymes, carbohydrates, vitamins and nucleic acids, and concepts of bioenergetics and metabolism.","Graduate, Mid-Professional, Professional Individual Contributor",English (USA),8 minutes
[Biotech Lab Techniques (New)](https://www.shl.com/solutions/products/product-catalog/view/biotech-lab-techniques-new/),Yes,No,K,"Multi-choice test that measures the knowledge of biophysical techniques, bio-processing and separation techniques like chromatography and electrophoresis.","Graduate, Professional Individual Contributor, Mid-Professional",English (USA),5 minutes
[BizTalk (New)](https://www.shl.com/solutions/products/product-catalog/view/biztalk-new/),Yes,No,K,"Multi-choice test that measures the knowledge of BizTalk architecture, pipelines, adapters, business process techniques and BizTalk administration.","Mid-Professional, Professional Individual Contributor",English (USA),16 minutes
[Business Communication (adaptive)](https://www.shl.com/solutions/products/product-catalog/view/business-communication-adaptive/),Yes,Yes,K,"This is an adaptive test that measures knowledge of communicating in the workplace. It measures the skills necessary to communicate effectively with coworkers at all levels and with external business contacts. Designed for the average business worker, this test includes the following topics: Electronic Communication, Employment Communication, Listening, Meetings, Nonverbal Communication, Verbal Communication, and Written Communication.","Entry-Level, Front Line Manager, Manager, Mid-Professional, Professional Individual Contributor",English (USA),24 minutes
[Business Communications](https://www.shl.com/solutions/products/product-catalog/view/business-communications/),Yes,No,K,"This test measures the candidate's knowledge of communicating in the workplace.  It measures the skills necessary to communicate effectively with coworkers at all levels and with external business contacts. Designed for the average business worker, this test includes the following topics: Electronic Communication, Employment Communication, Listening, Meetings, Nonverbal Communication, Verbal Communication, and Written Communication. This version of the test is not adaptive.",Not found,English (USA),35 minutes
[C Programming (New)](https://www.shl.com/solutions/products/product-catalog/view/c-programming-new/),Yes,No,K,Not found,Not found,Not found,Not found
[C# Programming (New)](https://www.shl.com/solutions/products/product-catalog/view/c-programming-new-4039/),Yes,No,K,Not found,Not found,Not found,Not found
[C++ Programming (New)](https://www.shl.com/solutions/products/product-catalog/view/c-programming-new-4122/),Yes,No,K,Multi-choice test that measures the knowledge of programming in the C++ language and the ability to use the C++ standard library to write code.,"Mid-Professional, Professional Individual Contributor",English (USA),10 minutes
[Cardiology and Diabetes Management (New)](https://www.shl.com/solutions/products/product-catalog/view/cardiology-and-diabetes-management-new/),Yes,No,K,"Multi-choice test that measures the knowledge of how to control and manage cardiovascular diseases and diabetes, and understanding of the diagnostic tests used for them.","Graduate, Mid-Professional, Professional Individual Contributor",English (USA),4 minutes
[Ceramic Engineering (New)](https://www.shl.com/solutions/products/product-catalog/view/ceramic-engineering-new/),Yes,No,K,"Multi-choice test that measures the knowledge of classification of ceramic materials, production of ceramics and thermodynamics.","Graduate, Mid-Professional, Professional Individual Contributor",English (USA),12 minutes
[Chemical Engineering (New)](https://www.shl.com/solutions/products/product-catalog/view/chemical-engineering-new/),Yes,No,K,Not found,Not found,Not found,Not found
[Cisco AppDynamics (New)](https://www.shl.com/solutions/products/product-catalog/view/cisco-appdynamics-new/),Yes,No,K,"Multi-choice test that measures the knowledge of application analytics, performance management, and AppDynamics essentials like controller UI, custom dashboard, reports and monitoring.","Mid-Professional, Professional Individual Contributor",English (USA),9 minutes
[Civil Engineering (New)](https://www.shl.com/solutions/products/product-catalog/view/civil-engineering-new/),Yes,No,K,"Multi-choice test that measures the knowledge of structural engineering, transportation engineering, surveying, geotechnical engineering and water resources engineering.","Graduate, Manager, Mid-Professional, Professional Individual Contributor, Supervisor",English (USA),10 minutes
[Cloud Computing (New)](https://www.shl.com/solutions/products/product-catalog/view/cloud-computing-new/),Yes,No,K,"Multi-choice test that measures the knowledge of cloud computing concepts, cloud service models, virtualization and private clouds.","Mid-Professional, Professional Individual Contributor",English (USA),8 minutes
[COBOL Programming (New)](https://www.shl.com/solutions/products/product-catalog/view/cobol-programming-new/),Yes,No,K,"Multi-choice test that measures the knowledge of COBOL programming fundamentals, programming structure and different types of application processing.","Mid-Professional, Professional Individual Contributor",English (USA),10 minutes
[Computer Science (New)](https://www.shl.com/solutions/products/product-catalog/view/computer-science-new/),Yes,No,K,"Multi-choice test that measures the knowledge of operating system, computer architecture, DBMS and basics of computer networks and communication.","Mid-Professional, Professional Individual Contributor",English (USA),12 minutes
[Contact Center Call Simulation (New)](https://www.shl.com/solutions/products/product-catalog/view/contact-center-call-simulation-new/),Yes,No,S,Simulation based test that measures the ability to handle customer concerns over a call by referring to standard process documents. It also measures typing and documentation skills.,Entry-Level,English (USA),15 minutes
[Conversational Multichat Simulation](https://www.shl.com/solutions/products/product-catalog/view/conversational-multichat-simulation/),Yes,No,S,"This is a simulation-based test that measures the ability to handle customer concerns over multiple chats by referring to standard process documents. It provides an open-ended chat environment that assesses the candidate’s skills in a real job setting. Candidates are scored based on whether they resolved the customer’s query, the amount of time taken, and the correct use of vocabulary and grammar in their response.",Not found,English (USA),11 minutes
[Core Java (Advanced Level) (New)](https://www.shl.com/solutions/products/product-catalog/view/core-java-advanced-level-new/),Yes,No,K,"Multi-choice test that measures the knowledge of basic Java constructs, OOP concepts, files and exception handling, and advanced Java concepts like generics, collections, threads, strings and concurrency.","Mid-Professional, Professional Individual Contributor",English (USA),13 minutes
[Core Java (Entry Level) (New)](https://www.shl.com/solutions/products/product-catalog/view/core-java-entry-level-new/),Yes,No,K,"Multi-choice test that measures the knowledge of basic Java constructs, OOP concepts, file handling, exception handling, threads, generic class and inner class.","Mid-Professional, Professional Individual Contributor",English (USA),13 minutes
[Count Out The Money](https://www.shl.com/solutions/products/product-catalog/view/count-out-the-money/),Yes,Yes,K S,The Count out the Money –US test measures a candidate’s money handling ability. This test is designed for entry-level positions where handling money is required on a regular basis.,Entry-Level,"English (USA), English (Australia), English (Canada), English International, English (South Africa)",5 minutes
[CSS3 (New)](https://www.shl.com/solutions/products/product-catalog/view/css3-new/),Yes,No,K,Multi-choice test that measures the knowledge of CSS3 and its application in providing style to web documents.,"Mid-Professional, Professional Individual Contributor",English (USA),8 minutes
[Culinary Skills (New)](https://www.shl.com/solutions/products/product-catalog/view/culinary-skills-new/),Yes,No,K,"Multi-choice test that measures the knowledge of cooking principles, cooking equipment, meal preparation and presentation, and kitchen safety.","Graduate, Manager, Mid-Professional, Professional Individual Contributor, Supervisor",English (USA),7 minutes
[Customer Service Phone Simulation](https://www.shl.com/solutions/products/product-catalog/view/customer-service-phone-simulation/),Yes,No,B S,Not found,Not found,Not found,Not found
[Customer Service Phone Solution](https://www.shl.com/solutions/products/product-catalog/view/customer-service-phone-solution/),Yes,No,B P S,"As part of Contact Center Simulations, the Customer Service Phone Solution includes a contact center simulation and two behavioral tests designed to measure a wide range of skills, competencies, and behavioral tendencies relevant for contact center jobs. The Contact Center Simulation provides an opportunity for candidates to interact with simulated customers in a contact center environment. Designed to measure a candidate’s ability to listen attentively to the customer, take ownership of customer issues, resolve issues, navigate to find information, and enter information accurately, the Contact Center Simulation is intended to measure how a candidate will respond in a variety of customer situations and assess the candidate’s computer skills in a contact center setting. The behavioral tests in this solution are intended to measure the candidate’s learning potential and the tendency to meet goals and work hard, even when faced with obstacles. Collectively, the assessments in this solution measure a wide range of important skills, abilities, and behaviors for entry-level contact center roles.""Please note that for Simplified Chinese version the audio is available in both Mandarin and Cantonese.""",Entry-Level,"French (Canada), Italian, French, Dutch, Spanish, Portuguese (Brazil), Chinese Simplified, English (Australia), Latin American Spanish, English (USA), English International",30 minutes
[Cyber Risk (New)](https://www.shl.com/solutions/products/product-catalog/view/cyber-risk-new/),Yes,No,K,"Multi-choice test that measures the knowledge of cyber risk management, system and application security, network security and security management.","Manager, Mid-Professional, Professional Individual Contributor, Supervisor",English (USA),9 minutes
[Data Entry (New)](https://www.shl.com/solutions/products/product-catalog/view/data-entry-new/),Yes,No,S,Simulated data entry test that measures the ability to accurately transcribe data from pre-filled forms and the ability to verify pre-filled data.,Entry-Level,English (USA),4 minutes
[Data Entry Alphanumeric Split Screen - US](https://www.shl.com/solutions/products/product-catalog/view/data-entry-alphanumeric-split-screen-us/),Yes,No,K,"The Data Entry Alphanumeric Split Screen - US assessment measures speed and accuracy at typing text and numbers into forms. The information includes business-related text and numbers such as invoice number, address, product number and amount. The test assesses for speed and accuracy.","Professional Individual Contributor, Mid-Professional, Front Line Manager, Entry-Level",English (USA),5 minutes
[Data Entry Numeric Split Screen - US](https://www.shl.com/solutions/products/product-catalog/view/data-entry-numeric-split-screen-us/),Yes,No,K,"The Data Entry Numeric Split Screen - US assessment measures speed and accuracy at typing numbers into forms. The information candidates must enter includes business-related records including number fields such as customer number, order number, item number and quantity. Candidates may use either the keyboard's numeric keypad or the number keys at the top of the keyboard.","Mid-Professional, Professional Individual Contributor, Entry-Level, Front Line Manager",English (USA),5 minutes
[Data Entry Ten Key Split Screen](https://www.shl.com/solutions/products/product-catalog/view/data-entry-ten-key-split-screen/),Yes,No,K,Data Entry Ten Key Split Screen assessment measures ability to enter numbers using a numeric keypad. The test measures accuracy and speed.,"Entry-Level, Front Line Manager, Mid-Professional, Professional Individual Contributor",English (USA),3 minutes
[Data Science (New)](https://www.shl.com/solutions/products/product-catalog/view/data-science-new/),Yes,No,K,"Multi-choice test that measures the conceptual knowledge on how to use machine learning to analyze data, extract information, draw conclusions and make statistically-driven decisions.","Mid-Professional, Professional Individual Contributor",English (USA),14 minutes
[Data Warehousing Concepts](https://www.shl.com/solutions/products/product-catalog/view/data-warehousing-concepts/),Yes,Yes,K,"The Data Warehousing Concepts test measures knowledge of Data Warehousing. Designed for experienced users, this test covers the following topics: Big Data and Data Warehouse Appliance, Business Considerations, Data Transformation, Data Warehousing and Data Marts, Design, Dimensional Data Model, On Line Analytical Processing (OLAP), Querying and Reporting/Data Extraction.","Mid-Professional, Professional Individual Contributor",English (USA),25 minutes
[Dependability and Safety Instrument (DSI)](https://www.shl.com/solutions/products/product-catalog/view/dependability-and-safety-instrument-dsi/),Yes,No,P,"The DSI is a short pre-screening tool for many key entry-level roles. It is designed to identify potential employees who will have good dependability and reliability, and who are less likely to engage in counter-productive work behaviors.

Note: Turkish [end June 2012] and Romanian [end May 2013] are on limited beta relase",Entry-Level,"Portuguese (Brazil), Chinese Traditional, Danish, Dutch, Finnish, French, German, Icelandic, Chinese Simplified, English International, Italian, Latin American Spanish, Polish, Swedish, English (USA), Norwegian, Russian",10 minutes
[Dermatology (New)](https://www.shl.com/solutions/products/product-catalog/view/dermatology-new/),Yes,No,K,"Multi-choice test that measures the knowledge of various diseases related to skin, their symptoms, the drugs used to treat them, and different terminologies used in the field of dermatology.","Graduate, Mid-Professional, Professional Individual Contributor",English (USA),3 minutes
[Desktop Support (New)](https://www.shl.com/solutions/products/product-catalog/view/desktop-support-new/),Yes,No,K,"Multi-choice test that measures the knowledge of networking, peripheral components, operating systems, troubleshooting and providing technical support.","Graduate, Mid-Professional, Professional Individual Contributor",English (USA),8 minutes
[Digital Advertising (New)](https://www.shl.com/solutions/products/product-catalog/view/digital-advertising-new/),Yes,No,K,Multi-choice test that measures the candidate's knowledge about use of AdWords and tools to analyze ad performance on digital media.,"Graduate, Manager, Mid-Professional, Professional Individual Contributor, Supervisor",English (USA),7 minutes
[Digital Readiness Development Report - IC](https://www.shl.com/solutions/products/product-catalog/view/digital-readiness-development-report/),Yes,No,P,"This participant-oriented report is aimed at individual contributors (non-managerial) and summarizes the way that they have described their typical style at work and is interpreted against SHL's Digital Readiness Framework. The report describes the way the person typically behaves, rather than their actual skill levels. It gives an indication of the individual's likely strengths in each area and makes suggestions for development activities, based upon the information gained from the
questionnaire.Note: this report is specifically aimed at Individual Contributors. A version designed for Managers is also available (seeDigital Readiness Report - Managers).","Director, Entry-Level, Executive, Front Line Manager, General Population, Graduate, Manager, Mid-Professional, Professional Individual Contributor, Supervisor",Not found,Not found
[Digital Readiness Development Report - Manager](https://www.shl.com/solutions/products/product-catalog/view/digital-readiness-development-report-manager/),Yes,No,P,"This participant-oriented report is aimed employees with management responsibilities and summarizes the way that they have described their typical style at work and is interpreted against SHL's Digital Readiness Framework. The report describes the way the person typically behaves, rather than their actual skill levels. It gives an indication of the individual's likely strengths in each area and makes suggestions for development activities, based upon the information gained from the
questionnaire.Note: this report is specifically aimed at managers. A version designed for individual contributors is also available (seeDigital Readiness Report - IC).","Entry-Level, Executive, Front Line Manager, General Population, Graduate, Manager, Mid-Professional, Supervisor, Director",Not found,Not found
[Docker (New)](https://www.shl.com/solutions/products/product-catalog/view/docker-new/),Yes,No,K,"Multi-choice test that measures the knowledge of Docker container, data management, Docker performance and swarm.","Mid-Professional, Professional Individual Contributor",English (USA),10 minutes
[Dojo (New)](https://www.shl.com/solutions/products/product-catalog/view/dojo-new/),Yes,No,K,"Multi-choice test that measures the knowledge of Dojo architecture, classes and libraries, styles, animation and Dojo queries.","Mid-Professional, Professional Individual Contributor",English (USA),11 minutes
[Drupal (New)](https://www.shl.com/solutions/products/product-catalog/view/drupal-new/),Yes,No,K,"Multi-choice test that measures the knowledge of Drupal setup, content management, user interface, module development and security.","Mid-Professional, Professional Individual Contributor",English (USA),17 minutes
[DSI v1.1 Interpretation Report](https://www.shl.com/solutions/products/product-catalog/view/dsi-v1-1-interpretation-report/),Yes,No,P,DSI v1.1 Interpretation Report,Not found,"Portuguese (Brazil), Dutch, Finnish, French, Latin American Spanish, Norwegian, Swedish, English (USA), English International, Chinese Simplified, Chinese Traditional, Danish, German, Icelandic, Italian, Russian",Not found
[Econometrics (New)](https://www.shl.com/solutions/products/product-catalog/view/econometrics-new/),Yes,No,K,"Multi-choice test that measures the knowledge of statistical concepts, exploratory analysis and statistical testing required to analyze economic data.","Graduate, Mid-Professional, Professional Individual Contributor",English (USA),11 minutes
[Economics (New)](https://www.shl.com/solutions/products/product-catalog/view/economics-new/),Yes,No,K,"Multi-choice test that measures the conceptual knowledge of microeconomics, macroeconomics and international trade.","Graduate, Mid-Professional, Professional Individual Contributor",English (USA),13 minutes
[Electrical and Electronics Engineering (New)](https://www.shl.com/solutions/products/product-catalog/view/electrical-and-electronics-engineering-new/),Yes,No,K,"Multi-choice test that measures the candidate’s knowledge and understanding on fundamentals of electrical engineering, instrumentation and control system and electronics.","Graduate, Mid-Professional, Professional Individual Contributor",English (USA),14 minutes
[Electrical Engineering (New)](https://www.shl.com/solutions/products/product-catalog/view/electrical-engineering-new/),Yes,No,K,"Multi-choice test that measures the knowledge of basic electrical engineering, electrical machines, power systems, instrumentation, control systems and basic concepts of electronics.","Graduate, Mid-Professional, Professional Individual Contributor",English (USA),8 minutes
[Electronics & Telecommunications Engineering (New)](https://www.shl.com/solutions/products/product-catalog/view/electronics-and-telecommunications-engineering-new/),Yes,No,K,"Multi-choice test that measures the candidate’s knowledge and understanding on semiconductors and semiconductor devices, analog and digital electronics, communication, electromagnetism and microwave engineering.","Graduate, Mid-Professional, Professional Individual Contributor",English (USA),15 minutes
[Electronics and Embedded Systems Engineering (New)](https://www.shl.com/solutions/products/product-catalog/view/electronics-and-embedded-systems-engineering-new/),Yes,No,K,"Multi-choice test that measures the candidate’s knowledge and understanding on concepts like embedded systems and, analog and digital electronics.","Graduate, Mid-Professional, Professional Individual Contributor",English (USA),18 minutes
[Electronics and Semiconductor Engineering (New)](https://www.shl.com/solutions/products/product-catalog/view/electronics-and-semiconductor-engineering-new/),Yes,No,K,"Multi-choice test that measures the knowledge of semiconductors, two terminal and three terminal devices, analog electronics, digital electronics and basics of VLSI.","Graduate, Mid-Professional, Professional Individual Contributor",English (USA),7 minutes
[English Comprehension (New)](https://www.shl.com/solutions/products/product-catalog/view/english-comprehension-new/),Yes,No,K,"Multiple-choice test that measures vocabulary, grammar and reading comprehension skills.",Entry-Level,English (USA),0 minutes
[Enterprise Java Beans (New)](https://www.shl.com/solutions/products/product-catalog/view/enterprise-java-beans-new/),Yes,No,K,"Multi-choice test that measures the knowledge of enterprise Java beans (EJB), types of EJB, transactions and concurrency.","Mid-Professional, Professional Individual Contributor",English (USA),4 minutes
[Enterprise Leadership Report 1.0](https://www.shl.com/solutions/products/product-catalog/view/enterprise-leadership-report/),Yes,No,P,"Assess and benchmark your leaders against enterprise leadership - the model for leader impact to drive business results in a complex work environment.
For more information, visit: 
https://www.shl.com/en/solutions/identify-develop-leaders/enterprise-leadership/ .","Director, Executive, Manager, Mid-Professional",Not found,Not found
[Enterprise Leadership Report 2.0](https://www.shl.com/solutions/products/product-catalog/view/enterprise-leadership-report-2-0/),Yes,No,P,"Assess and benchmark your leaders against enterprise leadership - the model for leader impact to drive business results in a complex work environment.
For more information, visit: 
https://www.shl.com/en/solutions/identify-develop-leaders/enterprise-leadership/ .","Director, Executive, Manager, Mid-Professional",Not found,Not found
[Entry Level Cashier Solution](https://www.shl.com/solutions/products/product-catalog/view/entry-level-cashier-solution/),Yes,No,C P,"The Precise Fit Entry Level Cashier Solution is for entry-level retail positions in which employees receive payment in the form of cash, check, or credit cards for goods purchased. Sample tasks for these jobs include, but are not limited to: handling payments, offering customer service, and issuing receipts and refunds.Report Language Availability:English (USA)",Entry-Level,"English (USA), English International, French (Canada), German, Italian, French, Dutch, Norwegian, Finnish, Swedish, Danish, Arabic, Chinese Simplified, Latin American Spanish",19 minutes
[Entry Level Customer Serv-Retail & Contact Center](https://www.shl.com/solutions/products/product-catalog/view/entry-level-customer-serv-retail-and-contact-center/),Yes,No,P C,"The Precise Fit Entry Level Customer Service Solution (Retail/Contact Center) is for entry-level positions in which employees interact with customers by providing information or carrying out customer requests related to an organizations products or services. Sample tasks for these jobs include, but are not limited to: interacting with customers on the phone or in person; taking orders; solving product or service issues; and responding positively to difficult or irate customers.Report Language Availability:English (USA)",Entry-Level,"Latin American Spanish, German, French, Chinese Simplified, Swedish, Arabic, English International, English (USA), French (Canada), Italian, Dutch, Norwegian, Finnish, Danish",19 minutes
[Entry Level Customer Service (General) Solution](https://www.shl.com/solutions/products/product-catalog/view/entry-level-customer-service-general-solution/),Yes,No,C P,"The Precise Fit Entry Level Customer Service Solution (General) is for a wide range of entry-level positions where employees are expected to interact with customers when carrying out critical tasks of the job. This includes positions that require frequent interactions with customers, or positions where customer service is not central to the role, but is still essential for successful performance on the job. Sample tasks for these jobs include, but are not limited to: interacting with customers on the phone to provide information; taking orders; solving product or service issues; and responding positively to difficult or irate customers.Report Language Availability:English (USA)",Entry-Level,"English (USA), English International, French (Canada), Italian, Dutch, Norwegian, Finnish, Danish, Latin American Spanish, German, French, Chinese Simplified, Swedish, Arabic",14 minutes
[Entry Level Hotel Front Desk Solution](https://www.shl.com/solutions/products/product-catalog/view/entry-level-hotel-front-desk-solution/),Yes,No,C P,"The Precise Fit Entry Level Hotel Front Desk Solution is for entry-level customer service positions in the hospitality industry. The solution is appropriate for positions in which the majority of the work is done at the front or guest check-in desk. Sample tasks may include: welcoming guests warmly, issuing keys to guests, and accepting payment.Report Language Availability:English (USA)",Entry-Level,"French (Canada), Italian, French, Chinese Simplified, Swedish, Arabic, English (USA), English International, Latin American Spanish, German, Dutch, Norwegian, Finnish, Danish",20 minutes
[Entry Level Sales Solution](https://www.shl.com/solutions/products/product-catalog/view/entry-level-sales-solution/),Yes,No,C P,"The Precise Fit Entry Level Sales Roles Solution is for entry-level positions in which employees proactively sell products or services to customers and have their compensation and/or performance based on sales revenue. Sample tasks for these jobs include, but are not limited to: promoting products to customers, persuading customers to buy products, and completing a transaction with a customer.Report Language Availability:English (USA)",Entry-Level,"German, Italian, Chinese Simplified, Finnish, Danish, English (USA), English International, Latin American Spanish, French (Canada), French, Dutch, Norwegian, Swedish, Arabic",20 minutes
[Entry Level Technical Support Solution](https://www.shl.com/solutions/products/product-catalog/view/entry-level-technical-support-solution/),Yes,No,P C,"The Precise Fit Entry Level Technical Support Solution is for entry-level positions in which employees provide technical assistance to computer users in a contact center environment. Sample tasks for these jobs include, but are not limited to: answer questions or resolve computer problems for clients in person, via telephone, or electronically, provide assistance concerning the use of computer hardware and software, including printing, installation, word processing, electronic mail, and
operating systems.Report Language Availability:English (USA)",Entry-Level,"Latin American Spanish, German, Chinese Simplified, Finnish, Danish, English (USA), English International, French (Canada), Italian, French, Dutch, Norwegian, Swedish, Arabic",18 minutes
[ETL Testing (New)](https://www.shl.com/solutions/products/product-catalog/view/etl-testing-new/),Yes,No,K,"Multi-choice test that measures the knowledge of ETL architecture, data warehousing, dimensions, DBMS concepts like data manipulation, constraints, ETL testing and tools required for testing.","Mid-Professional, Professional Individual Contributor",English (USA),9 minutes
[Executive Scenarios](https://www.shl.com/solutions/products/product-catalog/view/executive-scenarios/),Yes,No,B,"Executive Scenarios is a unique test of Managerial Judgement - an individual’s ability to decide on effective ways of handling real life situations. It is specifically designed to assess judgement in Executives; a group who typically has significant work experience to draw on. It consists of hypothetical scenarios, each followed by several possible responses. Candidates rate the effectiveness of each response, using a 6-point scale, from highly undesirable to highly desirable. It can be used for recruitment, selection, training and development, performance management and coaching in a variety of functions and industries.

Reports available: 

Executive Scenarios Narrative Report:  A participant focused report that contains;  
 - Executive Scenarios profile
 - VERY detailed narrative feedback of each of the 4 scales;  Managerial Judgement, Managing Objectives, People Management and Reputation Management.
 - Development tips for each of the 6 style scales;  Leading and Managing the work, Using external help, One-to-one, Workforce, Organisational support, Commercial support.

Executive Scenarios Profile: Displays all scores on these scales in terms of four types of norm system; T-scores, Percentiles, Stens and Grades.","Director, Executive, Manager","Italian, English (USA), English International, Korean",Not found
[Executive Scenarios Narrative Report](https://www.shl.com/solutions/products/product-catalog/view/executive-scenarios-narrative-report/),Yes,No,B,"Executive Scenarios is a unique test of Managerial Judgement - an individual’s ability to decide on effective ways of handling real life situations. It is specifically designed to assess judgement in Executives; a group who typically has significant work experience to draw on. It consists of hypothetical scenarios, each followed by several possible responses. Candidates rate the effectiveness of each response, using a 6-point scale, from highly undesirable to highly desirable. It can be used for recruitment, selection, training and development, performance management and coaching in a variety of functions and industries.

Reports available: 

Executive Scenarios Narrative Report:  A participant focused report that contains;  
 - Executive Scenarios profile
 - VERY detailed narrative feedback of each of the 4 scales;  Managerial Judgement, Managing Objectives, People Management and Reputation Management.
 - Development tips for each of the 6 style scales;  Leading and Managing the work, Using external help, One-to-one, Workforce, Organisational support, Commercial support.

Executive Scenarios Profile: Displays all scores on these scales in terms of four types of norm system; T-scores, Percentiles, Stens and Grades.","Director, Executive, Manager",Not found,Not found
[Executive Scenarios Profile Report](https://www.shl.com/solutions/products/product-catalog/view/executive-scenarios-profile-report/),Yes,No,B,"Executive Scenarios is a unique test of Managerial Judgement - an individual’s ability to decide on effective ways of handling real life situations. It is specifically designed to assess judgement in Executives; a group who typically has significant work experience to draw on. It consists of hypothetical scenarios, each followed by several possible responses. Candidates rate the effectiveness of each response, using a 6-point scale, from highly undesirable to highly desirable. It can be used for recruitment, selection, training and development, performance management and coaching in a variety of functions and industries.

Reports available: 

Executive Scenarios Narrative Report:  A participant focused report that contains;  
 - Executive Scenarios profile
 - VERY detailed narrative feedback of each of the 4 scales;  Managerial Judgement, Managing Objectives, People Management and Reputation Management.
 - Development tips for each of the 6 style scales;  Leading and Managing the work, Using external help, One-to-one, Workforce, Organisational support, Commercial support.

Executive Scenarios Profile: Displays all scores on these scales in terms of four types of norm system; T-scores, Percentiles, Stens and Grades.","Director, Executive, Manager",Not found,Not found
[ExpressJS (New)](https://www.shl.com/solutions/products/product-catalog/view/expressjs-new/),Yes,No,K,"Multi-choice test that measures the knowledge of routing, error handling, security, middleware and performance & reliability in ExpressJS.","Mid-Professional, Professional Individual Contributor",English (USA),7 minutes
[Filing - Names (R1)](https://www.shl.com/solutions/products/product-catalog/view/filing-names-r1/),Yes,No,K,This test measures ability to sort names in alphabetical order. Test takers are shown a graphical display of four folder tabs -- three contain alphabetized names and one is blank. The test taker is required to select the name from a list that belongs on the blank tab.,Entry-Level,English (USA),3 minutes
[Filing - Numbers](https://www.shl.com/solutions/products/product-catalog/view/filing-numbers/),Yes,No,K,"This test measures ability to sort items in numerical order. Test takers are shown a graphical display of four folder tabs -- three contain numbers and one is blank, and all are sorted in numeric order. The test taker is required to select the number from a list that belongs on the blank tab.",Entry-Level,English (USA),3 minutes
[Financial Accounting (New)](https://www.shl.com/solutions/products/product-catalog/view/financial-accounting-new/),Yes,No,K,"Multi-choice test that measures the ability to post journal entries, classify items into assets and liabilities, analyze financial statements and calculate financial ratios.","Entry-Level, Graduate, Manager, Mid-Professional, Professional Individual Contributor, Supervisor",English (USA),9 minutes
[Financial and Banking Services (New)](https://www.shl.com/solutions/products/product-catalog/view/financial-and-banking-services-new/),Yes,No,K,"Multi-choice test that measures the knowledge of investment products, banking products, taxation and principles of Macroeconomics.","Graduate, Manager, Mid-Professional, Professional Individual Contributor, Supervisor",English (USA),9 minutes
[Fire Engineering (New)](https://www.shl.com/solutions/products/product-catalog/view/fire-engineering-new/),Yes,No,K,"Multi-choice test that measures the knowledge of fire engineering principles, basic workplace safety and safety management.","Graduate, Mid-Professional, Professional Individual Contributor",English (USA),10 minutes
[Following Instructions v1 - UK (R1)](https://www.shl.com/solutions/products/product-catalog/view/following-instructions-v1-uk-r1/),Yes,No,K,This test measures a candidate's ability to follow detailed instructions and then select the correct course of action. Candidates are presented with a set of rules and need to choose the appropriate response for various situations based on the rules given.,"Entry-Level, Front Line Manager, Mid-Professional, Professional Individual Contributor",English International,8 minutes
[Following Instructions v1 - US (R2)](https://www.shl.com/solutions/products/product-catalog/view/following-instructions-v1-us-r2/),Yes,No,K,This test measures a candidate's ability to follow detailed instructions and then select the correct course of action. Test takers are presented with a set of rules and need to choose the appropriate response for various situations based on the rules given.,"Entry-Level, Front Line Manager, Mid-Professional, Professional Individual Contributor",English (USA),8 minutes
[Food and Beverage Services (New)](https://www.shl.com/solutions/products/product-catalog/view/food-and-beverage-services-new/),Yes,No,K,"Multi-choice test that measures the knowledge of meal planning, service preparation, types of service equipment, and types of beverages.","Graduate, Manager, Mid-Professional, Professional Individual Contributor, Supervisor",English (USA),7 minutes
[Food Science (New)](https://www.shl.com/solutions/products/product-catalog/view/food-science-new/),Yes,No,K,"Multi-choice test that measures the knowledge of food chemistry, nutrition, food microbiology, food engineering and food product technology.","Graduate, Mid-Professional, Professional Individual Contributor",English (USA),6 minutes
[Front Office Management (New)](https://www.shl.com/solutions/products/product-catalog/view/front-office-management-new/),Yes,No,K,Multi-choice test that measures the knowledge of front office operations.,"Entry-Level, Graduate, Mid-Professional, Professional Individual Contributor",English (USA),7 minutes
